Timestamp,Typed Alphabet
2024-12-09 18:54:53,A
2024-12-09 18:54:55,A
2024-12-09 18:54:56,B
2024-12-09 18:54:56,C
2024-12-09 18:55:22,A
2024-12-09 18:55:23,B
2024-12-09 18:55:24,C
2024-12-09 18:55:26,D
2024-12-09 18:55:27,A
2024-12-09 18:55:29,A
2024-12-09 18:55:30,E
2024-12-09 18:55:32,A
2024-12-09 18:55:33,E
2024-12-09 18:55:37,A
2024-12-09 18:55:38,A
2024-12-09 18:55:40,A
2024-12-09 18:55:40,E
2024-12-09 18:55:41,E
2024-12-09 18:55:42,E
2024-12-09 18:55:43,E
2024-12-09 18:55:44,E
2024-12-09 18:56:06,A
2024-12-09 18:56:09,E
2024-12-09 18:56:09,E
2024-12-09 18:56:10,E
2024-12-09 18:56:11,A
2024-12-09 18:56:12,E
2024-12-09 18:56:12,E
2024-12-09 18:56:13,E
2024-12-09 18:56:13,E
2024-12-09 18:56:14,E
2024-12-09 18:56:14,E
2024-12-09 18:56:15,E
2024-12-09 18:56:15,E
2024-12-09 18:56:17,F
2024-12-09 18:56:18,C
2024-12-09 18:56:19,F
2024-12-09 18:56:20,G
2024-12-09 18:56:22,H
2024-12-09 18:56:23,I
2024-12-09 18:56:25,J
2024-12-09 18:56:27,K
2024-12-09 18:56:29,L
2024-12-09 18:56:31,M
2024-12-09 18:56:32,D
2024-12-09 18:56:36,N
2024-12-09 18:56:37,N
2024-12-09 18:56:39, 
2024-12-09 18:56:42,O
2024-12-09 18:56:44,P
2024-12-09 18:56:44, 
2024-12-09 18:56:46,Q
2024-12-09 18:56:48,R
2024-12-09 18:56:50,S
2024-12-09 18:56:52,T
2024-12-09 18:56:53,U
2024-12-09 18:56:57,V
2024-12-09 18:56:59,W
2024-12-09 18:57:01,X
2024-12-09 18:57:03,Y
2024-12-09 18:57:05,Z
2024-12-09 18:57:06, 
2024-12-09 18:57:07,M
2024-12-09 18:57:08, 
2024-12-09 18:57:09,C
2024-12-09 18:57:10, 
2024-12-09 18:57:10,B
2024-12-09 18:57:11, 
2024-12-09 18:57:12, 
2024-12-09 18:57:12, 
2024-12-09 18:57:13,F
2024-12-09 18:57:13, 
2024-12-09 18:57:13, 
2024-12-09 18:57:14, 
2024-12-09 18:57:14, 
2024-12-09 18:57:14, 
2024-12-09 18:57:15,X
